year,real_gdp,capital_stock,population,human_capital_index,s,real_interest_rate,depreciation_rate,labour_force,consumption_share,total_factor_productivity,consumption,labour_share_output,y,k,n,growth_rate,g,capital_share,A_estimate,actual_investment,break_even_investment,delta_k,c,g_c_dot,estimated_rho,rck_capital_accumulation,c_k_dot_zero
1959,823462.125,3182244.5,72.2803669510164,2.6262686252594,0.378223448991776,0.0907830595970154,0.0335010401904583,36.8119850158691,0.503671646118164,0.485706031322479,796826.125,0.690643131732941,22369.40291714825,86445.88165045112,,,,0.309356868267059,482.921434358745,8460.632723210509,,,21645.83422101525,,,,
1960,901714.0625,3479782.5,72.8486292792539,2.62843894958496,0.411973476409912,0.0906429961323738,0.0335727743804455,37.2704124450684,0.503607273101807,0.511961162090302,842652.375,0.690643131732941,24193.8310671771,93365.81678908796,0.01245321133868991,0.09077991008003394,0.05405559963160337,0.309356868267059,508.9112481454123,9967.216692419082,5359.86150966987,4607.355182749212,22609.15079064276,0.04450355480835444,0.06839121872819658,-3775.181233135525,18833.96955750723
1961,940637.5,3770940.5,73.458911005002,2.65571403503418,0.402836233377457,0.0833948254585266,0.0337216332554817,37.648120880127,0.511452674865723,0.520982146263123,895061.625,0.690643131732941,24984.97874555345,100162.7813512078,0.01013427033079638,0.04226037095948065,0.0176204463166483,0.309356868267059,513.2378923017953,10064.85472887457,5532.694124843551,4532.16060403102,23774.40371725083,0.05153899575433563,0.05762532758135878,-4322.119096540933,19452.2846207099
1962,979229.875,4063574.75,74.1032084334967,2.68327212333679,0.3927401304245,0.0770106688141823,0.0338521189987659,37.7473106384277,0.517383933067322,0.534330129623413,952325.3125,0.690643131732941,25941.71236143959,107652.0335163475,0.002634653628969154,0.04020858400683913,0.02562080765345181,0.309356868267059,520.081771751693,10188.35149626665,5153.076206015635,5035.275290251014,25228.95794145687,0.06118152284722126,0.04641990739057167,-4440.321786032918,20788.63615542396
1963,1000551.3125,4335766.5,74.7585109422917,2.71111607551575,0.378452241420746,0.072649173438549,0.0338500067591667,37.7966804504395,0.518184125423431,0.53851318359375,985933.6875,0.690643131732941,26471.93617471149,114712.8914055092,0.001307902766496544,0.02154001867290667,0.007828594605520696,0.309356868267059,519.4564761173964,10018.36358006649,5338.626879317699,4679.736700748794,26085.19255527731,0.03393856439918395,0.05567989123895702,-4951.88325988352,21133.30929539379
1964,1074843.375,4655771.5,75.3978060615589,2.73924899101257,0.398586004972458,0.0706131607294083,0.033817857503891,37.846923828125,0.507556736469269,0.551878809928894,1031888.875,0.690643131732941,28399.75528476787,123015.8498784036,0.001329306623934296,0.07162379270717345,0.02481949698231894,0.309356868267059,544.2990991478924,11319.74500115108,5723.716671905775,5596.028329245302,27264.8017494404,0.04522141025654189,0.04800245560113736,-4588.763136578302,22676.0386128621
1965,1128441.75,4991601.0,75.9990836306976,2.7676739692688,0.39875653386116,0.0679724141955376,0.0338274128735065,37.9869689941406,0.515831470489502,0.567749083042145,1098322.25,0.690643131732941,29706.02235135053,131402.9819217728,0.00370030511995074,0.04866274546200877,0.02875680824798425,0.309356868267059,556.8039233070049,11845.47050762668,6426.76742869723,5418.703078929452,28913.1320313925,0.06045634577137277,0.03774424130985121,-5633.877108739199,23279.2549226533
1966,1162646.625,5299312.0,76.5543399549438,2.79639387130737,0.377310693264008,0.0673361942172051,0.0337207242846489,37.9016876220703,0.515438675880432,0.571450650691986,1132090.5,0.690643131732941,30675.32603279086,139817.3097947805,-0.002245016497195466,0.0298612808057559,0.006519724576228337,0.309356868267059,563.055821430759,11574.12853153179,5992.126659155244,5582.001872376547,29869.13172016064,0.03306454962161033,0.05080391940639994,-5185.93234652503,24683.19937363561
1967,1157884.5,5533612.0,77.062574572452,2.82541155815125,0.336824089288712,0.0660500526428223,0.0333312526345253,37.1753463745117,0.521577715873718,0.57488626241684,1150624.375,0.690643131732941,31146.5692433702,148851.6594910324,-0.01916382338436164,-0.004104346314331764,0.006012088219155565,0.309356868267059,559.7537207056489,10490.91481986598,3802.944263890794,6687.970555975181,30951.27516522336,0.03622949120855438,0.0479353070385451,-3607.650185743948,27343.62497947941
1968,1223727.625,5811236.0,77.5137828647674,2.8547306060791,0.349317848682404,0.0650875046849251,0.0328213050961494,37.3088188171387,0.515365064144135,0.593356192111969,1194649.375,0.690643131732941,32799.95625157266,155760.3854596026,0.003590348326075443,0.05530699748849877,0.03212797191827264,0.309356868267059,580.5126020218343,11457.61015467633,7444.221135252229,4013.3890194241,32020.56277512622,0.03454744931169447,0.04781378002907786,-6664.82765880579,25355.73511632043
1969,1318964.25,6147858.5,77.8969597515895,2.88435387611389,0.36755496263504,0.0643792301416397,0.032579068094492,37.6952095031738,0.513430535793304,0.619902729988098,1280159.25,0.690643131732941,34990.23529472487,163093.8939199256,0.01035655103231522,0.07494513876909359,0.04473963233052363,0.309356868267059,609.7380240005981,12860.83462634386,8858.728829340118,4002.105797003738,33960.79413996135,0.06059329370507861,0.03408258328910039,-7829.287674576601,26131.50646538475
1970,1406339.625,6533165.0,78.205102,2.91428446769714,0.382926374673843,0.0611622035503387,0.0327126421034336,37.9167823791504,0.525111436843872,0.631742417812347,1368726.25,0.690643131732941,37090.16263398223,172302.7269210597,0.005878011527113078,0.06414354877174944,0.01909926711320702,0.309356868267059,634.4626793435626,14202.80151349405,8610.273224945566,5592.528288548487,36098.164562419,0.06293640877916416,0.02969399916075662,-7618.275153382332,28479.88940903667
1971,1460322.125,6790517.0,78.345872,2.93968844413757,0.362704664468765,0.0578904002904892,0.0329602174460888,37.8544998168945,0.548234581947327,0.641870737075806,1446642.75,0.690643131732941,38577.240012778,179384.6711182639,-0.00164261201367505,0.03766672667283899,0.01603235587461779,0.309356868267059,650.9923297064306,13992.14489496566,7659.497192951758,6332.647702013901,38215.87280237584,0.0586652608415871,0.02855776986969565,-7298.129982549604,30917.74281982624
1972,1534875.625,6854360.5,78.719918,2.96531367301941,0.343712836503983,0.0569317862391472,0.0330243818461895,37.9924163818359,0.563406825065613,0.657102525234222,1522969.375,0.690643131732941,40399.52630477647,180413.9129007087,0.003643333437464859,0.04979230675185597,0.02373030468378725,0.309356868267059,680.4286537111674,13885.83577963199,8668.678760081268,5217.157019550727,40086.14139447389,0.04893957549444667,0.03246199849192387,-8355.293849778689,31730.8475446952
1973,1614309.625,6840683.0,78.966971,2.99116253852844,0.329230308532715,0.0563324727118015,0.0329472124576569,38.350154876709,0.563908100128174,0.676340281963348,1579020.875,0.690643131732941,42093.95321061429,178374.3252665328,0.00941605006845868,0.05045803680244987,0.02927664404008909,0.309356868267059,711.6920745923725,13858.60520289221,9586.618341944493,4271.986860947718,41173.78091630547,0.02713255713810156,0.04276619414275072,-8666.446047635676,32507.33486866979
1974,1619257.375,6818875.0,78.996693,3.01723647117615,0.295138359069824,0.0515796355903149,0.0327640771865845,38.0791549682617,0.57767790555954,0.68159693479538,1599120.625,0.690643131732941,42523.45873614113,179071.0693470853,-0.007066461903961856,0.003060245148065022,0.007772201319685546,0.309356868267059,718.008704670254,12550.30383335807,6639.729150531923,5910.574682826144,41994.64579329134,0.01993659213989732,0.04161133952036624,-6110.91620768213,35883.72958560921
1975,1631517.125,6902539.0,78.701865,3.04353785514832,0.272445380687714,0.0523457042872906,0.0325482748448849,37.3638763427734,0.61433470249176,0.683682441711426,1661962.625,0.690643131732941,43665.62799942341,184738.3000809826,-0.01878399418486223,0.007542699823531507,0.003059736347951909,0.309356868267059,729.5834518873763,11896.49864327101,4645.318958041445,7251.179685229569,44480.46583157698,0.05919373747123628,0.02274883555167246,-5460.156790195023,39020.30904138196
1976,1715663.25,7110232.5,78.364505,3.070068359375,0.285778492689133,0.053090188652277,0.0324441008269787,37.3238792419434,0.604039072990418,0.702420294284821,1723629.0,0.690643131732941,45966.90603564036,190500.897666868,-0.001070475141900951,0.05028940707740759,0.02740724557221263,0.309356868267059,760.1149387825894,13136.35312044831,8144.817829796934,4991.535290651377,46180.32838513313,0.03821593415843681,0.03398222157305859,-8358.240179289707,37822.08820584342
1977,1780371.75,7375959.5,78.185559,3.09683012962341,0.284468829631805,0.0529745221138001,0.0324481949210167,37.3924827575684,0.605554282665253,0.716578781604767,1787116.625,0.690643131732941,47613.09275832039,197257.8164392434,0.001838059628804755,0.03702245026363471,0.02015671733169614,0.309356868267059,778.131020003332,13544.44077210997,9008.246997572718,4536.193774537252,47793.47326537925,0.03493142939116571,0.03550880741821724,-9188.627504631582,38604.84576074767
1978,1856146.875,7661096.0,78.11536,3.12382531166077,0.289518266916275,0.0510386154055595,0.0325256213545799,37.7019309997559,0.60282164812088,0.72435873746872,1853906.0,0.690643131732941,49232.14344145973,203201.6874692599,0.008275680547712931,0.04168057565722272,0.01085708377595272,0.309356868267059,796.5712687693992,14253.60484574488,10603.55661053599,3650.048235208884,49172.7068306396,0.02885819905998427,0.03660951587556736,-10544.11999971587,38628.58683092374
1979,1929379.25,7964231.0,78.147901,3.15105581283569,0.317206263542175,0.0495061129331589,0.0326564572751522,38.2572288513184,0.594940900802612,0.734718680381775,1917908.75,0.690643131732941,50431.75650537247,208175.8464773264,0.01472863158033193,0.03869555258768642,0.01430222675197916,0.309356868267059,809.3493275092442,15997.26904493798,12233.70570688411,3763.563338053873,50131.93081636141,0.0195072439071854,0.0397524909795662,-11933.88001787305,38198.05079848836
1980,1930710.125,8216330.5,78.315375,3.17852354049683,0.314077228307724,0.0446960553526878,0.0328012816607952,38.7229194641113,0.602648019790649,0.72928249835968,1956679.375,0.690643131732941,49859.62194274626,212182.6198464958,0.01217261748368503,0.0006895566000899578,-0.007398997966501011,0.309356868267059,795.0367467681253,15659.77186424872,11957.55604606132,3702.215818187402,50530.26481676997,0.00794571431664371,0.04072319819436594,-12628.19892008503,37902.06589668494
1981,1865626.25,8307104.5,78.44804,3.2028431892395,0.278747051954269,0.0413330905139446,0.0328760929405689,38.7912483215332,0.604459762573242,0.726313471794128,1974791.5,0.69346284866333,48093.99879416569,214148.9346035994,0.00176455851902466,-0.03429108804247072,-0.004071161137460431,0.30653715133667,764.4997537304561,13406.06038056586,9855.513773228939,3550.546607336917,50908.1709263732,0.007478807225206129,0.03759368690134153,-12669.68590543645,38238.48502093676
1982,1829822.625,8226383.0,78.393674,3.22734904289246,0.268157958984375,0.0417975671589375,0.0328404419124126,38.5415458679199,0.601440191268921,0.719833135604858,1954723.0,0.688290476799011,47476.62772195796,213441.9576264905,-0.006437082187806046,-0.01937775168918598,-0.008922230470629157,0.311709523200989,755.5285981064579,12731.23558938124,8064.793765430768,4666.441823950476,50717.296257362,-0.003749391611167051,0.04367226296452103,-11305.46230083481,39411.83395652719
1983,1836717.375,8110444.0,78.224133,3.25204229354858,0.281838476657867,0.0448676273226738,0.0327922627329826,38.2541236877441,0.60417765378952,0.727656543254852,1972539.75,0.674544930458069,48013.57861423054,212014.8945562811,-0.007457463723971662,0.003760907082346776,0.01086836276774088,0.325455069541931,765.8049710452667,13532.07385552748,7784.322139368715,5747.751716158761,51564.10760056084,0.01669669729438539,0.0365192786754811,-11334.85112569901,40229.25647486183
1984,1847189.875,8052784.0,77.998198,3.27692437171936,0.27754881978035,0.0476502701640129,0.0327149704098702,38.3833389282227,0.602546036243439,0.738656938076019,2007369.25,0.668716311454773,48124.78347582703,209798.9446686439,0.003377812063696522,0.005685554765660683,0.01511756463009534,0.3312836885452271,770.3047664089613,13356.97685590068,9959.975075771581,3397.0017801291,52297.93202081258,0.01423130263275916,0.04053461884763332,-14133.12362075713,38164.80840005544
1985,1858648.5,8137186.0,77.863424,3.30199670791626,0.270824193954468,0.0496991574764252,0.032647505402565,38.6601829528809,0.599866390228272,0.747399210929871,2039263.75,0.664667010307312,48076.5572750994,210479.7592374981,0.007212609230684823,0.006184112936605146,0.01183536280945673,0.335332989692688,768.6920472463743,13020.29487213461,10785.2431675735,2235.051704561105,52748.42471608213,0.008613967663009588,0.0453921736449204,-15457.11060855624,37291.31410752589
1986,1987612.375,8354915.0,77.923807,3.32726120948792,0.269442766904831,0.0514935553073883,0.0326978825032711,39.0774955749512,0.592368483543396,0.753286182880402,2104384.0,0.660916328430176,50863.35103506648,213803.7475808846,0.01079437783775932,0.06708449611769396,0.007876609801616962,0.339083671569824,808.9614610117237,13704.76203694001,11732.13480521033,1972.627231729686,53851.55750229083,0.02091309441270141,0.04103700810103759,-14720.34127243468,39131.21622985615
1987,2063495.375,8643341.0,78.062324,3.35271883010864,0.266272962093353,0.0488585568964481,0.0328035652637482,39.381275177002,0.598805248737335,0.755520224571228,2162593.75,0.668619811534882,52397.8811180052,219478.4440359505,0.007773773564074722,0.03746722204197717,0.00296572768968559,0.331380188465118,826.03387830469,13952.13901270662,11403.76215573738,2548.376856969238,54914.26421008627,0.01973400133784867,0.03899155622752377,-13920.14524781845,40994.11896226782
1988,2173668.5,9022554.0,78.385992,3.37837147712708,0.276873767375946,0.0514435321092606,0.0329521000385284,39.6400413513184,0.590805351734161,0.769476294517517,2213177.5,0.661977708339691,54835.17236360565,227612.1238127799,0.006570792163365858,0.05201496430106722,0.0184721328329884,0.3380222916603089,853.9075524567203,15182.42075702085,11586.37080252762,3596.049954493237,55831.86658119849,0.01670972714123481,0.0430886685386432,-12583.06502012046,43248.80156107803
1989,2283725.5,9499322.0,79.007065,3.40422010421753,0.288397878408432,0.0549871437251568,0.033193863928318,40.0093269348145,0.589371263980866,0.788558304309845,2249876.25,0.654494643211365,57079.82800412456,237427.6881857283,0.009315973720189337,0.04939180751166461,0.02479869741054589,0.345505356788635,876.2888653030157,16461.70129630773,12795.20598373229,3666.495312575438,56233.79402671852,0.007198889632957004,0.05138769890867829,-11949.17200632625,44284.62202039227
1990,2449806.0,10050499.0,79.707959,3.43026661872864,0.29082778096199,0.0562680885195732,0.0335875786840916,39.876953125,0.598479568958283,0.8239426612854,2331902.5,0.650870203971863,61434.13194886614,252037.7865504237,-0.00330857377406458,0.07020073706478769,0.04487221399123272,0.349129796028137,924.3224488270445,17866.75227001484,10499.92619533751,7366.82607467733,58477.44918450311,0.03989869786695444,0.03631873958609598,-7543.243430974475,50934.20575352863
1991,2602268.25,10673560.0,80.303196,3.44363522529602,0.297377973794937,0.0500361323356628,0.0341095365583897,39.0394172668457,0.591801404953003,0.874489843845367,2427040.25,0.676948189735413,66657.45628867214,273404.6957474578,-0.0210030053080766,0.06037463080256167,0.06134793710172794,0.323051810264587,975.7483554737624,19822.4592894499,6695.039409820432,13127.41987962947,62168.96715979335,0.06312720590193793,0.01847252938469383,-2206.55028094164,59962.41687885171
1992,2707245.75,11323161.0,80.934898,3.45705556869507,0.294391840696335,0.0470673590898514,0.0345474034547806,38.5750961303711,0.601074993610382,0.882075011730194,2516739.5,0.68569028377533,70181.17961003655,293535.5225488344,-0.01189364926481441,0.03954832111587159,0.008673820443097396,0.31430971622467,1002.994677028705,20660.76664763875,9990.445192375157,10670.3214552636,65242.59826843336,0.04943995773228519,0.0223473802237088,-5051.863850771968,60190.73441766139
1993,2724812.25,11898819.0,81.486773,3.47052812576294,0.276688158512116,0.0444576852023602,0.0346311070024967,38.1237449645996,0.608289778232575,0.881919980049133,2528267.75,0.687093138694763,71472.83805749322,312110.4448434652,-0.01170058434193088,0.006467736992581408,-0.0001757579332815672,0.312906861305237,1000.523812908479,19775.68794576248,10709.02270497499,9066.66524078749,66317.40277214798,0.01647396842309161,0.0362207009908144,-5553.587419629748,60763.81535251823
1994,2841783.5,12412863.0,81.773617,3.48405337333679,0.276704341173172,0.0489173121750355,0.0344488471746445,38.1793022155762,0.598970293998718,0.896690905094147,2580233.75,0.674394965171814,74432.56778120538,325120.2164437637,0.001457287342263636,0.04203232136681123,0.01674860007615552,0.325605034828186,1027.69668377314,20595.8146297259,15374.0431015749,5221.771528151005,67582.00386772206,0.01906891770051626,0.03938285332477737,-8523.479188091578,59058.52467963048
1995,2934607.75,12793117.0,82.01989,3.49763154983521,0.271418541669846,0.0499785915017128,0.0342400409281254,38.3849334716797,0.601857542991638,0.899680972099304,2620361.0,0.670392394065857,76452.07336793082,333284.8553570824,0.005385935419731401,0.03214195066700576,0.003334557078888949,0.329607605934143,1046.782900141452,20750.51026115986,16999.89342351316,3750.616837646699,68265.35213180179,0.010111393935836,0.0449228945337948,-8813.172187384127,59452.17994441766
1996,2975042.0,13088722.0,82.263189,3.51126217842102,0.255052149295807,0.0509701557457447,0.034065768122673,38.4402847290039,0.614152073860169,0.90356320142746,2671252.5,0.66611385345459,77393.85961819571,340494.9284916279,0.00144200477421787,0.01368435785219368,0.004315117745679703,0.33388614654541,1052.052649381906,19739.47023791878,15965.4309440473,3774.039293871485,69490.9655022532,0.0179536665699033,0.04199332246079305,-8062.536828104779,61428.42867414842
1997,3078771.25,12910816.0,82.389638,3.52494621276855,0.246080353856087,0.0537782087922096,0.0339398570358753,38.4614028930664,0.611060619354248,0.913116931915283,2698278.0,0.655517816543579,80048.33465279092,335682.3992066989,0.0005493758490962986,0.03427241603563935,0.01057339483583421,0.344482183456421,1093.375287533273,19698.32251694926,15397.87080891797,4300.451708031293,70155.47528263537,0.00956253486448715,0.04899694135996602,-5505.011438762418,64650.46384387295
1998,3208453.25,12761031.0,82.011939,3.53868365287781,0.244495138525963,0.0563417226076126,0.033917210996151,38.7734031677246,0.602195560932159,0.915883600711823,2747543.25,0.64860725402832,82748.8171755517,329118.1572274889,0.008112035734256817,0.04125839484998828,0.003029917308330735,0.35139274597168,1137.817854309493,20231.6835181961,17578.32216149989,2653.361356696205,70861.544913011,0.01006435531269795,0.05130954495126362,-5691.049898959205,65170.4950140518
1999,3336879.0,12583994.0,81.678287,3.55247449874878,0.236139684915543,0.0558986328542233,0.0340140722692013,39.2541007995606,0.612055063247681,0.919688522815704,2832622.75,0.652836978435516,85007.14401888305,320577.8184617303,0.01239761260461481,0.03924697156732115,0.004154373002119353,0.347163021564484,1179.286190041524,20073.56020418923,18527.09197776608,1546.468226423149,72161.1931569633,0.01834067046587443,0.04672829762128609,-5681.141115846334,66480.05204111697
2000,3374667.25,12512483.0,81.797258,3.56631898880005,0.237588465213776,0.0527354329824448,0.0342130288481712,40.1490707397461,0.602222323417664,0.929557919502258,2894022.5,0.661848664283752,84053.43356201776,311650.6252687214,0.02279939985774741,0.01126078787338436,0.01073123828525984,0.338151335716248,1177.220764498411,19970.12627594789,21314.89286846315,-1344.766592515265,72081.92983492951,-0.00109842033600216,0.05328464315044588,-9343.389141374908,62738.54069355461
2001,3429975.25,12393276.0,81.933885,3.57492637634277,0.224828809499741,0.0578110404312611,0.0344065353274345,40.074951171875,0.597180306911469,0.938741385936737,2918126.75,0.646413683891296,85589.00634187649,309252.4292006555,-0.001846109175267293,0.01625631853704235,0.009879391312589074,0.3535863161087039,1201.856062597099,19242.87440210987,13589.03053530609,5653.843866803783,72816.72627583813,0.01019390633118905,0.05271408726566657,-816.750469267723,71999.97580657041
2002,3420399.75,12186689.0,82.068326,3.58355450630188,0.198769673705101,0.0593867711722851,0.034452173858881,39.9185104370117,0.589919328689575,0.935485482215881,2916237.0,0.641230821609497,85684.55367083711,305289.1720303454,-0.003903703692422568,-0.002795615199580936,-0.003468371342344711,0.358769178390503,1208.445780033897,17031.49077471951,12800.65050214048,4230.840272579024,73054.7550014822,0.003268874307015653,0.05775233401877727,-170.85183278558,72883.90316869662
2003,3430270.0,12486299.0,82.111615,3.59220337867737,0.198600709438324,0.0600455403327942,0.0343957729637623,39.5227508544922,0.587809979915619,0.932899415493012,2937218.5,0.639192342758179,86792.28863974966,315926.8707274406,-0.009914187132407496,0.002881545072185077,-0.002764411390696709,0.360807657241821,1210.003224934384,17237.01009763007,11329.99308795322,5907.017009676854,74317.15749780995,0.01728022352962699,0.05140542856798071,1145.138053986493,75462.29555179644
2004,3491848.0,12756074.0,82.092708,3.60087323188782,0.199520483613014,0.0643306076526642,0.0343610346317291,39.6837577819824,0.57469516992569,0.935700237751007,2946827.0,0.625171422958374,87991.86859227838,321443.197745543,0.004073778368387499,0.01779213368485699,0.003002276785128846,0.374828577041626,1219.582773150682,17556.18017554416,16012.99347257352,1543.186702970639,74257.760975901,-0.000799230270758257,0.06473022278804333,-2278.885856196137,71978.87511970486
2005,3522758.5,13010822.0,82.046731,3.60956406593323,0.198592945933342,0.0661219879984856,0.0344267562031746,39.6711311340332,0.56650984287262,0.941683232784271,2970970.25,0.61660224199295,88799.04351852181,327967.0034121672,-0.0003181817613787146,0.008813238511988786,0.006394136489314588,0.38339775800705,1222.454470806215,17634.86364840628,14919.11945615399,2715.744192252296,74889.98082666854,0.008513855554744302,0.06186506022111345,-1010.056764300723,73879.92406236782
2006,3682467.25,14063004.0,81.701971,3.61827564239502,0.20874497294426,0.0712248161435127,0.0346363037824631,39.8721542358398,0.551481187343597,0.957486212253571,3011906.0,0.602283895015717,92356.86710626606,352702.3876567777,0.005067238973535181,0.04433862842247827,0.01678162987204878,0.397716104984283,1240.618711187428,19279.03172531413,18017.68326220816,1261.348463105965,75539.08379730069,0.008667420707911237,0.06689110578955708,-1199.899953242788,74339.1838440579
2007,3865585.0,15071173.0,81.298542,3.62700843811035,0.215504065155983,0.072405181825161,0.0349585488438606,40.4395866394043,0.528404235839844,0.966721653938294,3022458.5,0.593248248100281,95589.13236351871,372683.6561013376,0.01423129535986919,0.04853005302967794,0.009645508798488255,0.406751751899719,1260.382694071707,20599.84660907162,22573.80917022454,-1973.962561152923,74740.09383307888,-0.01057717308785203,0.07769376836908701,-1724.770639784707,73015.32319329417
2008,3940595.0,16060772.0,81.110777,3.63576221466064,0.222388610243797,0.0657510533928871,0.0352986715734005,41.0326194763184,0.534068942070007,0.960982143878937,3052091.5,0.6085245013237,96035.66748338546,391414.7379566963,0.01466466119453987,0.01921869820663602,-0.00593708647776227,0.3914754986763,1245.490451211032,21357.2386254655,24011.12372151743,-2653.885096051927,74382.07794073412,-0.004790145074534374,0.06814612593015429,-2357.534178866081,72024.54376186803
2009,3788199.75,16742444.0,80.935283,3.64453721046448,0.192412778735161,0.0546237379312515,0.0353787690401077,41.1390953063965,0.558557450771332,0.918505787849426,3083574.5,0.630578696727753,92082.71892675756,406971.6136270213,0.002594906965165802,-0.03944082089051903,-0.04420098364997513,0.369421303272247,1178.62164801483,17717.89182218622,20086.00181919807,-2368.109997011852,74954.84470511804,0.00770033293289131,0.05077357146480584,-2958.127597558556,71996.71710755948
2010,3989083.0,17428348.0,80.830924,3.65333318710327,0.208787187933922,0.0598958544433117,0.0353269502520561,41.3852577209473,0.550549924373627,0.939475774765015,3109431.25,0.618756055831909,96388.98534588347,421124.5491695604,0.005983661349804357,0.05167047368055933,0.02283054412176074,0.381243944168091,1219.590792205773,20124.78519817103,22189.78259401098,-2064.997395839953,75133.7896930904,0.002387370538573548,0.05870216917402492,-934.5869412179054,74199.2027518725
2011,4195223.0,18167010.0,80.857874,3.65577626228333,0.223236590623856,0.06104876101017,0.0354310274124146,41.8781890869141,0.553221642971039,0.960520267486572,3144439.25,0.618771553039551,100176.8006561416,433806.0072821234,0.01191079609291155,0.05038511710169757,0.02240025052995197,0.381228446960449,1254.891482646391,22363.12743808272,25474.3665625592,-3111.239124476477,75085.36826828933,-0.0006444693525890592,0.06137099568646453,-382.9341747068829,74702.43409358244
2012,4219334.0,18162016.0,80.91639,3.65822052955627,0.216186225414276,0.0565270371735096,0.0355237759649754,42.3279037475586,0.563921451568604,0.962337851524353,3180791.75,0.629968106746674,99682.09210557383,429079.0327892756,0.0107386367569802,0.005730798659481451,0.001892291187709262,0.370031893253326,1253.319261974891,21549.89523370221,24733.63216169598,-3183.736927993777,75146.45112052029,0.0008135120548747084,0.05612028114607225,-197.9911766424411,74948.45994387785
2013,4192691.0,18271434.0,81.041582,3.66066670417786,0.217084497213364,0.0550480708479881,0.0355362966656685,42.5923309326172,0.553395748138428,0.962228775024414,3195990.0,0.63374650478363,98437.6977778701,428984.1293003229,0.006247112699831079,-0.00633452446709093,-0.0001133453285312404,0.36625349521637,1237.765671289503,21369.29812895001,22806.74023412469,-1437.442105174679,75036.74793136319,-0.001459858549822299,0.05577800012289925,594.2096123822157,75630.9575437454
2014,4314204.5,18535888.0,81.37608,3.66311454772949,0.221862956881523,0.0565350092947483,0.0355692952871323,42.9700469970703,0.538556218147278,0.970327973365784,3234614.75,0.631911873817444,100400.274179224,431367.6454964962,0.0088681707758765,0.0285701794242712,0.008417123403074885,0.368088126182556,1260.085243517954,22275.10170111827,24078.33294451864,-1803.231243400369,75276.03472764496,0.00318892813026288,0.05494054522961686,1045.90650706043,76321.94123470539
2015,4420293.5,18882630.0,82.07755,3.66556406021118,0.213471904397011,0.056388646364212,0.0357012525200844,43.3498077392578,0.53778749704361,0.974166393280029,3314040.25,0.632662773132324,101968.007022946,435587.3989932324,0.008837801415795335,0.02429314595496024,0.00395579641070285,0.367337226867676,1275.564475047503,21767.30464675608,24358.12402435388,-2590.819377597796,76448.78773011925,0.01557936741377794,0.04859896265732303,1161.095268472913,77609.88299859216
2016,4579976.0,19178750.0,82.760102,3.66801500320435,0.21159616112709,0.057170432060957,0.0358863472938538,43.9107437133789,0.530638039112091,0.984555721282959,3403791.0,0.633437514305115,104301.9455533511,436766.6857383821,0.01293975690722878,0.03548766133771508,0.01066483926626645,0.366562485694885,1303.571001877129,22069.89127717585,26296.51068264871,-4226.619405472862,77516.13186553521,0.01396155736548648,0.05018965337821376,489.3030051671849,78005.43487070239
2017,4755894.0,19554130.0,83.104007,3.67046761512756,0.224437117576599,0.0565451867878437,0.036102369427681,44.5362663269043,0.526696681976318,0.998752593994141,3455923.25,0.63476037979126,106786.993886979,439060.8286844058,0.01424532040742482,0.03769093300580195,0.01441957260954439,0.36523962020874,1332.272117486889,23966.96510266348,27102.70331552203,-3135.738212858556,77597.9563404102,0.001055579953562751,0.05601739681106232,2086.334231046822,79684.29057145701
2018,4840361.5,19797532.0,83.368505,3.67292213439941,0.237154126167297,0.05222462490201,0.0363748222589493,45.1352043151856,0.527997195720673,0.997346341609955,3500967.25,0.644703686237335,107241.3778433141,438627.2821930969,0.0134483206087593,0.01760471707852673,-0.001408008742748019,0.355296313762665,1338.387079952215,25432.73525140808,26845.86039500916,-1413.125143601072,77566.22138125806,-0.0004089664296430425,0.05242910811683152,2829.296067046896,80395.51744830495
2019,5037171.5,20058936.0,83.559186,3.67537784576416,0.229864850640297,0.048156775534153,0.0366379842162132,45.5520095825195,0.533755123615265,0.998371243476868,3571268.75,0.655867576599121,110580.6647426814,440352.3836563641,0.009234593565220073,0.03985530620634314,0.001027628842813649,0.344132423400879,1378.235194159073,25418.60798478121,25211.803209507,206.8047752742095,78399.80678636114,0.01074675793482047,0.04278339656674277,6969.054746813261,85368.8615331744
2020,4881379.5,20244588.0,83.628708,3.67783570289612,0.232477098703384,0.0431652329862118,0.0367265641689301,45.2257537841797,0.519352316856384,0.985335111618042,3446974.5,0.657273292541504,107933.6239102673,447634.0647987542,-0.007162270146364764,-0.03141684988479199,-0.01305739918292034,0.342726707458496,1337.819431171745,25092.09573920114,18328.56304728585,6763.53269191529,76217.07128308334,-0.02784108268564662,0.05708577432903511,13387.98957989811,89605.06086298145
2021,5001540.5,20509570.0,83.697083,3.68691277503967,0.239040970802307,0.0480451732873917,0.0366800725460053,45.3312225341797,0.502064049243927,1.0,3537981.0,0.637341678142548,110333.2365728465,452438.0515997732,0.002332050682964929,0.02431810063747086,0.01488314808743236,0.3626583218574519,1362.645232900995,26374.16398213384,22799.82172382401,3574.342258309822,78047.33254948872,0.02401379685146236,0.03603827486166052,9486.082299533784,87533.4148490225
2022,5004375.5,20831474.0,84.086227,3.69603681564331,0.237696930766106,0.0452444963157177,0.0366098992526531,45.8390464782715,0.523172914981842,1.00167214870453,3676311.0,0.637464284896851,109172.7661126669,454448.240101907,0.01120252037563951,0.0005666647762900823,0.001672148704529919,0.362535715103149,1346.297728996838,25950.03142822686,26900.40085718738,-950.3694289605155,80200.42480034211,0.02758700625018976,0.03145099319062282,2071.940455137381,82272.3652554795
2023,5060520.0,20999284.0,84.548231,3.70520830154419,0.232496812939644,0.0448189117014408,0.0364172607660294,46.0366134643555,0.523988962173462,0.994192361831665,3665127.75,0.637351155281067,109923.8110535255,456143.1091420092,0.004310015178383974,0.01115661506031529,-0.007467300436114295,0.362648844718933,1353.857840771079,25556.93573612428,23768.88668972938,1788.049046394903,79613.32240126171,-0.007320440016894907,0.04847913170988825,6541.601962534376,86154.92436379609
